<?xml version="1.0" encoding="UTF-8"?>
<project-private xmlns="http://www.netbeans.org/ns/project-private/1">
    <editor-bookmarks xmlns="http://www.netbeans.org/ns/editor-bookmarks/2" lastBookmarkId="0"/>
    <open-files xmlns="http://www.netbeans.org/ns/projectui-open-files/2">
        <group name="PROG">
            <file>file:/D:/Carpeta%20de%20admin/Documentos/Laboral/IES%20Muralla%20Romana/PROG/UD1/Prácticas/Práctica%202/Solucións/Practica2_4/src/practica2_4/Practica2_4.java</file>
        </group>
        <group name="Group 20140930-11:17:04">
            <file>file:/D:/Carpeta%20de%20admin/Documentos/Laboral/IES%20Muralla%20Romana/PROG/UD1/Prácticas/Práctica%202/Solucións/Practica2_4/src/practica2_4/Practica2_4.java</file>
        </group>
        <group/>
    </open-files>
</project-private>
